"","county","fips","democrat","republican","other"
"51001","ACCOMACK",51001,0.446139600173949,0.534589096259573,0.0192713035664782
"51003","ALBEMARLE",51003,0.554544532291446,0.413003303598887,0.0324521641096669
"51005","ALLEGHANY",51005,0.40050800739568,0.580623975644656,0.0188680169596632
"51007","AMELIA",51007,0.343364898994046,0.641623873094497,0.0150112279114567
"51009","AMHERST",51009,0.377475243620163,0.604901901534695,0.0176228548451417
"51011","APPOMATTOX",51011,0.309605309005631,0.670773195363314,0.019621495631055
"51013","ARLINGTON",51013,0.708277490014064,0.259371355434342,0.0323511545515939
"51015","AUGUSTA",51015,0.259324831039012,0.714603191909223,0.0260719770517654
"51017","BATH",51017,0.348624919229741,0.628151644985066,0.0232234357851929
"51019","BEDFORD",51019,0.277006468528219,0.700616608001332,0.0223769234704491
"51021","BLAND",51021,0.241737218661907,0.734497146216949,0.0237656351211435
"51023","BOTETOURT",51023,0.295644374975577,0.683362855778702,0.0209927692457202
"51025","BRUNSWICK",51025,0.593007907727699,0.398534571067448,0.00845752120485252
"51027","BUCHANAN",51027,0.375169805797906,0.610289070339002,0.014541123863092
"51029","BUCKINGHAM",51029,0.464971761072295,0.516611726402203,0.018416512525502
"51031","CAMPBELL",51031,0.291149389945293,0.687242562437825,0.0216080476168819
"51033","CAROLINE",51033,0.499484855397907,0.473995992676505,0.0265191519255877
"51035","CARROLL",51035,0.27198933146917,0.706480783821967,0.0215298847088628
"51036","CHARLES CITY",51036,0.634954340254666,0.349037337698857,0.0160083220464768
"51037","CHARLOTTE",51037,0.403614339401975,0.579691647550746,0.0166940130472789
"51041","CHESTERFIELD",51041,0.435599663087024,0.543420632128661,0.0209797047843145
"51043","CLARKE",51043,0.416441714563914,0.552417896859171,0.0311403885769152
"51045","CRAIG",51045,0.284956106223712,0.692681757231088,0.0223621365451995
"51047","CULPEPER",51047,0.383982233205764,0.592830309639981,0.0231874571542544
"51049","CUMBERLAND",51049,0.434840764926305,0.545261440281783,0.0198977947919116
"51051","DICKENSON",51051,0.38520172741402,0.596782766574861,0.0180155060111192
"51053","DINWIDDIE",51053,0.443841138080641,0.54183411760122,0.0143247443181386
"51057","ESSEX",51057,0.493173209331475,0.490366012538189,0.0164607781303362
"51059","FAIRFAX",51059,0.591161485489656,0.382381199323199,0.0264573151871455
"51061","FAUQUIER",51061,0.379950171498653,0.59501352508202,0.0250363034193271
"51063","FLOYD",51063,0.343914204592263,0.622588086324656,0.0334977090830811
"51065","FLUVANNA",51065,0.439406286697312,0.536428992617492,0.0241647206851956
"51067","FRANKLIN",51067,0.334961547026448,0.642169714512296,0.0228687384612555
"51069","FREDERICK",51069,0.335400746660107,0.638311072505684,0.0262881808342089
"51071","GILES",51071,0.348318520116103,0.626340892539549,0.0253405873443478
"51073","GLOUCESTER",51073,0.323907879338651,0.651397947779368,0.0246941728819809
"51075","GOOCHLAND",51075,0.364632987714674,0.61430089165385,0.0210661206314761
"51077","GRAYSON",51077,0.286056543593755,0.690673558208005,0.0232698981982394
"51079","GREENE",51079,0.345300313806621,0.62133069875433,0.0333689874390486
"51081","GREENSVILLE",51081,0.603120617952902,0.389383955540087,0.00749542650701136
"51083","HALIFAX",51083,0.436906618826493,0.548835893904122,0.0142574872693844
"51085","HANOVER",51085,0.312285017038611,0.666290710797474,0.0214242721639152
"51087","HENRICO",51087,0.533530672002209,0.444923298314737,0.0215460296830541
"51089","HENRY",51089,0.396407241424765,0.583311142993389,0.0202816155818459
"51091","HIGHLAND",51091,0.316982921588362,0.659168387567602,0.0238486908440361
"51093","ISLE OF WIGHT",51093,0.398759681827657,0.58409556041718,0.0171447577551631
"51095","JAMES CITY",51095,0.432554617785969,0.543716475290585,0.0237289069234455
"51097","KING AND QUEEN",51097,0.453669932111288,0.529262741006428,0.0170673268822835
"51099","KING GEORGE",51099,0.372336091406178,0.601343158533916,0.0263207500599066
"51101","KING WILLIAM",51101,0.350192795446548,0.632211218205657,0.0175959863477948
"51103","LANCASTER",51103,0.42900000471607,0.555824098453645,0.0151758968302845
"51105","LEE",51105,0.301917051194399,0.681355594408932,0.0167273543966693
"51107","LOUDOUN",51107,0.510406527138793,0.464915026000196,0.0246784468610111
"51109","LOUISA",51109,0.40601017141596,0.571033169292783,0.0229566592912576
"51111","LUNENBURG",51111,0.439944166707887,0.547594180315747,0.0124616529763658
"51113","MADISON",51113,0.369572965220362,0.605286885956838,0.0251401488228001
"51115","MATHEWS",51115,0.322364685504381,0.656312329271296,0.0213229852243238
"51117","MECKLENBURG",51117,0.432945600202008,0.552072427365043,0.0149819724329487
"51119","MIDDLESEX",51119,0.369617524865056,0.606796845547894,0.0235856295870499
"51121","MONTGOMERY",51121,0.477212396742929,0.487156155323228,0.0356314479338433
"51125","NELSON",51125,0.487116088843121,0.48540576955006,0.0274781416068188
"51127","NEW KENT",51127,0.321122375899389,0.659014063521973,0.0198635605786379
"51131","NORTHAMPTON",51131,0.534730111183467,0.442274824586006,0.0229950642305269
"51133","NORTHUMBERLAND",51133,0.407746977669829,0.57817183334345,0.014081188986721
"51135","NOTTOWAY",51135,0.450168409126579,0.53139520434726,0.0184363865261614
"51137","ORANGE",51137,0.396921674606743,0.580398729459916,0.022679595933341
"51139","PAGE",51139,0.322195438236626,0.660317858764913,0.017486702998461
"51141","PATRICK",51141,0.276790643176638,0.700072700045624,0.0231366567777382
"51143","PITTSYLVANIA",51143,0.329480207292709,0.652286469479526,0.0182333232277642
"51145","POWHATAN",51145,0.266827718854933,0.712219588716925,0.0209526924281412
"51147","PRINCE EDWARD",51147,0.512665705215967,0.46286646297017,0.0244678318138628
"51149","PRINCE GEORGE",51149,0.408494763411318,0.577055691790116,0.0144495447985658
"51153","PRINCE WILLIAM",51153,0.543214650181836,0.433961261079558,0.0228240887386063
"51155","PULASKI",51155,0.34975675928772,0.624642038024477,0.0256012026878026
"51157","RAPPAHANNOCK",51157,0.435453070218233,0.538336378872341,0.0262105509094252
"51159","RICHMOND",51159,0.386837655813003,0.596893563458135,0.0162687807288615
"51161","ROANOKE",51161,0.364724580838692,0.613084278873503,0.0221911402878054
"51163","ROCKBRIDGE",51163,0.375918010098174,0.596879270284632,0.027202719617194
"51165","ROCKINGHAM",51165,0.272121250949308,0.704365727086108,0.0235130219645844
"51167","RUSSELL",51167,0.343467934354818,0.637346419384496,0.0191856462606857
"51169","SCOTT",51169,0.256975317041297,0.72411333926285,0.0189113436958535
"51171","SHENANDOAH",51171,0.307913170171107,0.668336890414289,0.0237499394146041
"51173","SMYTH",51173,0.306466390120094,0.67090011588853,0.022633493991376
"51175","SOUTHAMPTON",51175,0.45553560230775,0.53263290573955,0.0118314919526998
"51177","SPOTSYLVANIA",51177,0.414491920714735,0.562503349969092,0.0230047293161735
"51179","STAFFORD",51179,0.430514894700482,0.545745334461864,0.0237397708376545
"51181","SURRY",51181,0.567437057835822,0.416690407508933,0.0158725346552451
"51183","SUSSEX",51183,0.571620373445054,0.412425213637664,0.0159544129172817
"51185","TAZEWELL",51185,0.283766417113215,0.698048109138284,0.0181854737485017
"51187","WARREN",51187,0.363191292007343,0.606850284871228,0.029958423121429
"51191","WASHINGTON",51191,0.291649897112749,0.686443224626999,0.0219068782602521
"51193","WESTMORELAND",51193,0.492030499531882,0.490777742719177,0.0171917577489413
"51195","WISE",51195,0.309352957095833,0.673370697470861,0.0172763454333066
"51197","WYTHE",51197,0.283258353642576,0.697688275967395,0.0190533703900289
"51199","YORK",51199,0.387321854150815,0.58767712710893,0.0250010187402554
"51510","ALEXANDRIA",51510,0.710705652771199,0.26126379872692,0.0280305485018805
"51515","BEDFORD",51515,NA,NA,NA
"51520","BRISTOL",51520,0.339130530583921,0.64027918090511,0.0205902885109689
"51530","BUENA VISTA",51530,0.379075426450851,0.58380077917409,0.0371237943750591
"51540","CHARLOTTESVILLE",51540,0.749490281806818,0.210045112563345,0.0404646056298371
"51550","CHESAPEAKE",51550,0.477124299023637,0.502921496788325,0.0199542041880382
"51570","COLONIAL HEIGHTS",51570,0.284850658911342,0.694415044821442,0.0207342962672164
"51580","COVINGTON",51580,0.485672680731856,0.490198075563867,0.0241292437042776
"51590","DANVILLE",51590,0.554033591434527,0.42638692610305,0.0195794824624232
"51595","EMPORIA",51595,0.622663658581011,0.368117357624898,0.00921898379409173
"51600","FAIRFAX",51600,0.568219160757604,0.400618751314243,0.0311620879281527
"51610","FALLS CHURCH",51610,0.691317972415754,0.27461549938025,0.0340665282039965
"51620","FRANKLIN",51620,0.603237118095529,0.384476283621034,0.0122865982834361
"51630","FREDERICKSBURG",51630,0.593491291394114,0.373726599516452,0.032782109089434
"51640","GALAX",51640,0.381172833438796,0.60012510537901,0.0187020611821948
"51650","HAMPTON",51650,0.651434186043831,0.329415725458455,0.0191500884977138
"51660","HARRISONBURG",51660,0.520151467453583,0.440620083228389,0.0392284493180275
"51670","HOPEWELL",51670,0.516729111060863,0.461898402004071,0.0213724869350662
"51678","LEXINGTON",51678,0.582968232316511,0.383162971491861,0.0338687961916274
"51680","LYNCHBURG",51680,0.451474601463112,0.518421577314133,0.0301038212227552
"51683","MANASSAS",51683,0.520176819880654,0.454154865598216,0.0256683145211294
"51685","MANASSAS PARK",51685,0.556192054499215,0.420682746355228,0.0231251991455565
"51690","MARTINSVILLE",51690,0.59145025928639,0.391355911502399,0.0171938292112111
"51700","NEWPORT NEWS",51700,0.595522006530231,0.382887447847966,0.0215905456218033
"51710","NORFOLK",51710,0.677338197883281,0.298902627843029,0.0237591742736902
"51720","NORTON",51720,0.411936809017933,0.568703656075496,0.01935953490657
"51730","PETERSBURG",51730,0.85569066110831,0.132189017286835,0.0121203216048547
"51735","POQUOSON",51735,0.239167098262191,0.73524456510362,0.025588336634189
"51740","PORTSMOUTH",51740,0.665252347377822,0.317055431748036,0.0176922208741412
"51750","RADFORD",51750,0.497449175880592,0.468008053486004,0.034542770633404
"51760","RICHMOND",51760,0.755527534645126,0.217373372554548,0.0270990928003255
"51770","ROANOKE",51770,0.575840027838372,0.397690972367276,0.0264689997943521
"51775","SALEM",51775,0.385832237629255,0.589629152242424,0.024538610128321
"51790","STAUNTON",51790,0.46803460042799,0.504065944578751,0.0278994549932589
"51800","SUFFOLK",51800,0.537921061531844,0.445071795677282,0.0170071427908738
"51810","VIRGINIA BEACH",51810,0.458710641100693,0.516227712251712,0.025061646647595
"51820","WAYNESBORO",51820,0.414256035235211,0.556385577034446,0.0293583877303422
"51830","WILLIAMSBURG",51830,0.604025823502956,0.364167063536331,0.0318071129607135
"51840","WINCHESTER",51840,0.481691052986319,0.489928293981321,0.0283806530323602
